{
  "protocol": "compound",
  "timestamp": "2025-06-13T08:56:26.024634",
  "total_holders_analyzed": 50,
  "data_source": "simulation",
  "concentration_metrics": {
    "gini_coefficient": 0.7619601921296997,
    "herfindahl_index": 807.5413303661161,
    "palma_ratio": 4037.7008839658533,
    "hoover_index": 0.6157918066264598,
    "theil_index": 1.1701052062661832,
    "nakamoto_coefficient": 5,
    "top_percentile_concentration": {
      "1": 12.890608753069596,
      "5": 24.819231778298175,
      "10": 54.833186486937834,
      "20": 81.16081188649072,
      "50": 99.97569815412477
    },
    "lorenz_curve": {
      "x": [
        0,
        0.02,
        0.04,
        0.06,
        0.08,
        0.1,
        0.12,
        0.14,
        0.16,
        0.18,
        0.2,
        0.22,
        0.24,
        0.26,
        0.28,
        0.3,
        0.32,
        0.34,
        0.36,
        0.38,
        0.4,
        0.42,
        0.44,
        0.46,
        0.48,
        0.5,
        0.52,
        0.54,
        0.56,
        0.58,
        0.6,
        0.62,
        0.64,
        0.66,
        0.68,
        0.7,
        0.72,
        0.74,
        0.76,
        0.78,
        0.8,
        0.82,
        0.84,
        0.86,
        0.88,
        0.9,
        0.92,
        0.94,
        0.96,
        0.98,
        1.0
      ],
      "y": [
        0,
        2.088397437452969e-06,
        4.408839034622935e-06,
        6.987107475922897e-06,
        9.85185018847841e-06,
        1.3034897646873427e-05,
        1.657161704509011e-05,
        2.050130526533087e-05,
        2.4867625510042824e-05,
        2.9719092448611664e-05,
        3.510961126924371e-05,
        4.109907662550153e-05,
        4.775403813245467e-05,
        5.514843980684705e-05,
        6.336444166728301e-05,
        7.249333262332298e-05,
        8.263654479670073e-05,
        9.390678054489822e-05,
        0.00010642926470956211,
        0.00012034313600363309,
        0.0001358029929970453,
        0.0001529806118786144,
        0.00017206685508035785,
        0.0001932737919711839,
        0.00021683705518321284,
        0.00024301845875213392,
        0.0002721089071620462,
        0.00030443162761750427,
        0.006461140285799999,
        0.014003108392073556,
        0.022930335946438177,
        0.03324282294889385,
        0.04494056939944059,
        0.05802357529807839,
        0.07249184064480725,
        0.08834536543962718,
        0.10558414968253815,
        0.1242081933735402,
        0.1442174965126333,
        0.16561205909981747,
        0.1883918811350927,
        0.212556962618459,
        0.23810730354991635,
        0.2996743901317413,
        0.3708613339919764,
        0.4516681351306216,
        0.542094793547677,
        0.6421413092431424,
        0.7518076822170181,
        0.8710939124693039,
        0.9999999999999999
      ]
    }
  },
  "top_10_concentration": 0.8116081188649072,
  "top_50_concentration": 1.0,
  "holders_data": [
    {
      "TokenHolderAddress": "0x000000000000000000000000000000000000002a",
      "TokenHolderQuantity": "800000000000000067108864",
      "balance": "800000000000000067108864",
      "TokenHolderPercentage": "8.0"
    },
    {
      "TokenHolderAddress": "0x000000000000000000000000000000000000002b",
      "TokenHolderQuantity": "925000000000000132120576",
      "balance": "925000000000000132120576",
      "TokenHolderPercentage": "9.25"
    },
    {
      "TokenHolderAddress": "0x000000000000000000000000000000000000002c",
      "TokenHolderQuantity": "1050000000000000062914560",
      "balance": "1050000000000000062914560",
      "TokenHolderPercentage": "10.5"
    },
    {
      "TokenHolderAddress": "0x000000000000000000000000000000000000002d",
      "TokenHolderQuantity": "1175000000000000127926272",
      "balance": "1175000000000000127926272",
      "TokenHolderPercentage": "11.75"
    },
    {
      "TokenHolderAddress": "0x000000000000000000000000000000000000002e",
      "TokenHolderQuantity": "1300000000000000192937984",
      "balance": "1300000000000000192937984",
      "TokenHolderPercentage": "13.0"
    },
    {
      "TokenHolderAddress": "0x000000000000000000000000000000000000002f",
      "TokenHolderQuantity": "1425000000000000123731968",
      "balance": "1425000000000000123731968",
      "TokenHolderPercentage": "14.25"
    },
    {
      "TokenHolderAddress": "0x0000000000000000000000000000000000000030",
      "TokenHolderQuantity": "1550000000000000054525952",
      "balance": "1550000000000000054525952",
      "TokenHolderPercentage": "15.5"
    },
    {
      "TokenHolderAddress": "0x0000000000000000000000000000000000000031",
      "TokenHolderQuantity": "1675000000000000253755392",
      "balance": "1675000000000000253755392",
      "TokenHolderPercentage": "16.75"
    },
    {
      "TokenHolderAddress": "0x0000000000000000000000000000000000000032",
      "TokenHolderQuantity": "80000000000000016777216",
      "balance": "80000000000000016777216",
      "TokenHolderPercentage": "0.8"
    },
    {
      "TokenHolderAddress": "0x0000000000000000000000000000000000000033",
      "TokenHolderQuantity": "98000000000000029360128",
      "balance": "98000000000000029360128",
      "TokenHolderPercentage": "0.9800000000000001"
    }
  ]
}