{
  "token": "COMP",
  "contract_address": "0xc00e94cb662c3520282e6f5717214004a7f26888",
  "timestamp": "2025-06-13T10:20:46.534800",
  "metrics": {
    "gini_coefficient": 0.46451612903225814,
    "herfindahl_index": 3548.3870967741927,
    "concentration": {
      "top_5_pct": 100.0,
      "top_10_pct": 0,
      "top_20_pct": 0,
      "top_50_pct": 0
    }
  },
  "holders": []
}