{
  "token": "COMPOUND",
  "timestamp": "2025-06-13T08:34:57.697091",
  "num_holders": 50,
  "metrics": {
    "palma_ratio": 21.81598231027544,
    "hoover_index": 0.6676066669535248,
    "theil_index": 1.6078138128799924,
    "nakamoto_coefficient": 2,
    "top_percentile_concentration": {
      "1": 42.901151242031176,
      "5": 58.068998724006136,
      "10": 75.52516865491113,
      "20": 85.60223267976379,
      "50": 95.08333839704997
    },
    "lorenz_curve": {
      "x": [
        0,
        0.02,
        0.04,
        0.06,
        0.08,
        0.1,
        0.12,
        0.14,
        0.16,
        0.18,
        0.2,
        0.22,
        0.24,
        0.26,
        0.28,
        0.3,
        0.32,
        0.34,
        0.36,
        0.38,
        0.4,
        0.42,
        0.44,
        0.46,
        0.48,
        0.5,
        0.52,
        0.54,
        0.56,
        0.58,
        0.6,
        0.62,
        0.64,
        0.66,
        0.68,
        0.7,
        0.72,
        0.74,
        0.76,
        0.78,
        0.8,
        0.82,
        0.84,
        0.86,
        0.88,
        0.9,
        0.92,
        0.94,
        0.96,
        0.98,
        1.0
      ],
      "y": [
        0,
        0.0012134277985579966,
        0.002464190225439372,
        0.003754241851383723,
        0.005085683566526013,
        0.006460776970965616,
        0.007881960533783117,
        0.009351867783205708,
        0.010873347836701661,
        0.012449488635243512,
        0.0140836433130045,
        0.01577946021510675,
        0.01754091717523477,
        0.019372360786452686,
        0.021278551548188872,
        0.02326471595754217,
        0.025336606843539552,
        0.02750057353147871,
        0.029763643787846482,
        0.03213361995690507,
        0.03461919228791196,
        0.0372300732077121,
        0.03997715727256514,
        0.042872712811972906,
        0.045930612962359514,
        0.049166616029500225,
        0.05259870812886272,
        0.05624752514000665,
        0.060136876624183204,
        0.06429440215931113,
        0.06875240154632602,
        0.07354889607083509,
        0.07872900085824695,
        0.0843467221478673,
        0.0904673442250816,
        0.09717064910664897,
        0.10455533551969395,
        0.11274520334856396,
        0.12189800219942662,
        0.13221841520698144,
        0.14397767320236216,
        0.15754420841918018,
        0.17343352369400655,
        0.19239333304647524,
        0.21555777736173734,
        0.24474831345088877,
        0.2831202696469613,
        0.3367467086995003,
        0.41931001275993873,
        0.5709884875796883,
        1.0
      ]
    },
    "concentration": {
      "top_5_percentage": 75.52516865491113,
      "top_10_percentage": 85.60223267976379,
      "top_20_percentage": 93.12475984536741,
      "top_50_percentage": 100.0
    }
  },
  "holders": [
    {
      "protocol": "compound",
      "address": "0x6626593c237f530d15ae9980a95ef938ac15c35c",
      "balance": 4290115.124203118,
      "percentage": 0.42901151242031177,
      "label": "Whale 1",
      "is_contract": true,
      "last_updated": "2025-06-13T08:34:57.696610"
    },
    {
      "protocol": "compound",
      "address": "0xc00e94cb662c3520282e6f5717214004a7f26888",
      "balance": 1516784.7481974957,
      "percentage": 0.15167847481974958,
      "label": "Whale 2",
      "is_contract": false,
      "last_updated": "2025-06-13T08:34:57.696628"
    },
    {
      "protocol": "compound",
      "address": "0x2775b1c75658be0f640272ccb8c72ac986009e38",
      "balance": 825633.0406043848,
      "percentage": 0.08256330406043849,
      "label": "Whale 3",
      "is_contract": false,
      "last_updated": "2025-06-13T08:34:57.696635"
    },
    {
      "protocol": "compound",
      "address": "0x0000000000000000000000000000000000000004",
      "balance": 536264.3905253897,
      "percentage": 0.05362643905253897,
      "label": "Whale 4",
      "is_contract": false,
      "last_updated": "2025-06-13T08:34:57.696639"
    },
    {
      "protocol": "compound",
      "address": "0x0000000000000000000000000000000000000005",
      "balance": 383719.56196072494,
      "percentage": 0.0383719561960725,
      "label": "Whale 5",
      "is_contract": false,
      "last_updated": "2025-06-13T08:34:57.696644"
    },
    {
      "protocol": "compound",
      "address": "0x0000000000000000000000000000000000000006",
      "balance": 291905.36089151434,
      "percentage": 0.029190536089151436,
      "label": "Holder 6",
      "is_contract": true,
      "last_updated": "2025-06-13T08:34:57.696649"
    },
    {
      "protocol": "compound",
      "address": "0x0000000000000000000000000000000000000007",
      "balance": 231644.4431526209,
      "percentage": 0.02316444431526209,
      "label": "Holder 7",
      "is_contract": false,
      "last_updated": "2025-06-13T08:34:57.696653"
    },
    {
      "protocol": "compound",
      "address": "0x0000000000000000000000000000000000000008",
      "balance": 189598.09352468696,
      "percentage": 0.018959809352468698,
      "label": "Holder 8",
      "is_contract": false,
      "last_updated": "2025-06-13T08:34:57.696657"
    },
    {
      "protocol": "compound",
      "address": "0x0000000000000000000000000000000000000009",
      "balance": 158893.1527482636,
      "percentage": 0.015889315274826357,
      "label": "Holder 9",
      "is_contract": false,
      "last_updated": "2025-06-13T08:34:57.696660"
    },
    {
      "protocol": "compound",
      "address": "0x000000000000000000000000000000000000000a",
      "balance": 135665.35216818008,
      "percentage": 0.013566535216818007,
      "label": "Holder 10",
      "is_contract": false,
      "last_updated": "2025-06-13T08:34:57.696664"
    },
    {
      "protocol": "compound",
      "address": "0x000000000000000000000000000000000000000b",
      "balance": 117592.57995380736,
      "percentage": 0.011759257995380737,
      "label": "Holder 11",
      "is_contract": true,
      "last_updated": "2025-06-13T08:34:57.696668"
    },
    {
      "protocol": "compound",
      "address": "0x000000000000000000000000000000000000000c",
      "balance": 103204.1300755481,
      "percentage": 0.010320413007554811,
      "label": "Holder 12",
      "is_contract": false,
      "last_updated": "2025-06-13T08:34:57.696672"
    },
    {
      "protocol": "compound",
      "address": "0x000000000000000000000000000000000000000d",
      "balance": 91527.98850862663,
      "percentage": 0.009152798850862663,
      "label": "Holder 13",
      "is_contract": false,
      "last_updated": "2025-06-13T08:34:57.696675"
    },
    {
      "protocol": "compound",
      "address": "0x000000000000000000000000000000000000000e",
      "balance": 81898.67828869999,
      "percentage": 0.008189867828869999,
      "label": "Holder 14",
      "is_contract": false,
      "last_updated": "2025-06-13T08:34:57.696679"
    },
    {
      "protocol": "compound",
      "address": "0x000000000000000000000000000000000000000f",
      "balance": 73846.86413044995,
      "percentage": 0.007384686413044995,
      "label": "Holder 15",
      "is_contract": false,
      "last_updated": "2025-06-13T08:34:57.696683"
    },
    {
      "protocol": "compound",
      "address": "0x0000000000000000000000000000000000000010",
      "balance": 67033.04881567371,
      "percentage": 0.006703304881567371,
      "label": "Holder 16",
      "is_contract": true,
      "last_updated": "2025-06-13T08:34:57.696686"
    },
    {
      "protocol": "compound",
      "address": "0x0000000000000000000000000000000000000011",
      "balance": 61206.22077214285,
      "percentage": 0.006120622077214285,
      "label": "Holder 17",
      "is_contract": false,
      "last_updated": "2025-06-13T08:34:57.696690"
    },
    {
      "protocol": "compound",
      "address": "0x0000000000000000000000000000000000000012",
      "balance": 56177.21289620355,