{
  "protocol": "uniswap",
  "timestamp": "2025-06-13T08:56:42.170785",
  "total_holders_analyzed": 50,
  "data_source": "simulation",
  "concentration_metrics": {
    "gini_coefficient": 0.6987051090952641,
    "herfindahl_index": 806.9583681794347,
    "palma_ratio": 307.81107837210106,
    "hoover_index": 0.5137150917354488,
    "theil_index": 0.9817906475024047,
    "nakamoto_coefficient": 5,
    "top_percentile_concentration": {
      "1": 17.854100816674848,
      "5": 32.137381470014724,
      "10": 53.440894564471165,
      "20": 68.86683767007823,
      "50": 96.93348415389109
    },
    "lorenz_curve": {
      "x": [
        0,
        0.02,
        0.04,
        0.06,
        0.08,
        0.1,
        0.12,
        0.14,
        0.16,
        0.18,
        0.2,
        0.22,
        0.24,
        0.26,
        0.28,
        0.3,
        0.32,
        0.34,
        0.36,
        0.38,
        0.4,
        0.42,
        0.44,
        0.46,
        0.48,
        0.5,
        0.52,
        0.54,
        0.56,
        0.58,
        0.6,
        0.62,
        0.64,
        0.66,
        0.68,
        0.7,
        0.72,
        0.74,
        0.76,
        0.78,
        0.8,
        0.82,
        0.84,
        0.86,
        0.88,
        0.9,
        0.92,
        0.94,
        0.96,
        0.98,
        1.0
      ],
      "y": [
        0,
        2.6698894730573184e-05,
        5.636433332009895e-05,
        8.932593175290536e-05,
        0.00012594993001157915,
        0.00016664326141010554,
        0.0002118580740751349,
        0.00026209675481405644,
        0.00031791751119063585,
        0.00037994057383127975,
        0.0004488550878764395,
        0.0005254267701488393,
        0.0006105064171181724,
        0.0007050393581952091,
        0.0008100759593919167,
        0.000926783294054925,
        0.0010564581103471565,
        0.0012005412395607472,
        0.0013606336053536255,
        0.001538514011790157,
        0.0017361589078307477,
        0.0019557643478758484,
        0.007311994592878303,
        0.013882303693414647,
        0.02166669164948488,
        0.030665158461089005,
        0.04087770412822703,
        0.05230432865089893,
        0.06494503202910473,
        0.07879981426284441,
        0.09386867535211799,
        0.11015161529692546,
        0.12764863409726682,
        0.14635973175314204,
        0.16628490826455117,
        0.1874241636314942,
        0.20977749785397112,
        0.23334491093198192,
        0.2581264028655266,
        0.28412197365460523,
        0.3113316232992177,
        0.3397553517993641,
        0.36939315915504434,
        0.40024504536625843,
        0.43231101043300646,
        0.46559105435528836,
        0.5000851771331042,
        0.5715015803998036,
        0.6786261852998526,
        0.8214589918332514,
        0.9999999999999999
      ]
    }
  },
  "top_10_concentration": 0.6886683767007823,
  "top_50_concentration": 1.0,
  "holders_data": [
    {
      "TokenHolderAddress": "0x000000000000000000000000000000000000007b",
      "TokenHolderQuantity": "40000000000000003623878656",
      "balance": "40000000000000003623878656",
      "TokenHolderPercentage": "4.0"
    },
    {
      "TokenHolderAddress": "0x000000000000000000000000000000000000007c",
      "TokenHolderQuantity": "60000000000000009730785280",
      "balance": "60000000000000009730785280",
      "TokenHolderPercentage": "6.0"
    },
    {
      "TokenHolderAddress": "0x000000000000000000000000000000000000007d",
      "TokenHolderQuantity": "80000000000000007247757312",
      "balance": "80000000000000007247757312",
      "TokenHolderPercentage": "8.0"
    },
    {
      "TokenHolderAddress": "0x000000000000000000000000000000000000007e",
      "TokenHolderQuantity": "99999999999999987584860160",
      "balance": "99999999999999987584860160",
      "TokenHolderPercentage": "10.0"
    },
    {
      "TokenHolderAddress": "0x000000000000000000000000000000000000007f",
      "TokenHolderQuantity": "2999999999999999949668352",
      "balance": "2999999999999999949668352",
      "TokenHolderPercentage": "0.3"
    },
    {
      "TokenHolderAddress": "0x0000000000000000000000000000000000000080",
      "TokenHolderQuantity": "3679999999999999530237952",
      "balance": "3679999999999999530237952",
      "TokenHolderPercentage": "0.368"
    },
    {
      "TokenHolderAddress": "0x0000000000000000000000000000000000000081",
      "TokenHolderQuantity": "4359999999999999647678464",
      "balance": "4359999999999999647678464",
      "TokenHolderPercentage": "0.436"
    },
    {
      "TokenHolderAddress": "0x0000000000000000000000000000000000000082",
      "TokenHolderQuantity": "5040000000000000301989888",
      "balance": "5040000000000000301989888",
      "TokenHolderPercentage": "0.504"
    },
    {
      "TokenHolderAddress": "0x0000000000000000000000000000000000000083",
      "TokenHolderQuantity": "5720000000000000956301312",
      "balance": "5720000000000000956301312",
      "TokenHolderPercentage": "0.5720000000000001"
    },
    {
      "TokenHolderAddress": "0x0000000000000000000000000000000000000084",
      "TokenHolderQuantity": "6400000000000000536870912",
      "balance": "6400000000000000536870912",
      "TokenHolderPercentage": "0.64"
    }
  ]
}